{
  "n_samples": 99,
  "similarity_backend": "angle_emb",
  "S1_stats": {
    "mean": 4.831004932673291,
    "var": 0.03859719764459332,
    "median": 4.892596244812012
  },
  "S2_stats": {
    "mean": 4.119099380994084,
    "var": 0.2512028570011041,
    "median": 4.139158248901367
  },
  "Gap_stats": {
    "mean": 0.7119055516792067,
    "var": 0.3019222951056076,
    "median": 0.6042647361755371
  },
  "validity_ratio": 0.9797979797979798,
  "best_methods": [
    {
      "method": "direct_negation_attack",
      "mean_gap": 1.0452405557794087,
      "n": 59
    },
    {
      "method": "double_negation_attack",
      "mean_gap": 0.38056135177612305,
      "n": 2
    },
    {
      "method": "numeric_metric_transform",
      "mean_gap": 0.3206803798675537,
      "n": 20
    }
  ]
}