{
  "base": {
    "orig_acc": 0.8799999952316284,
    "hard_acc": 0.8100000023841858
  },
  "nli": {
    "orig_acc": 0.9800000190734863,
    "hard_acc": 0.8500000238418579
  },
  "llm": {
    "orig_acc": 0.8799999952316284,
    "hard_acc": 0.9100000262260437
  },
  "regular": {
    "orig_acc": 0.8999999761581421,
    "hard_acc": 0.8299999833106995
  },
  "combined": {
    "orig_acc": 0.8899999856948853,
    "hard_acc": 0.8899999856948853
  }
}